"","model","dataset","c","tsur","test","antibody","n_sample","n_agec","n_iter","elpd","se","converged","diff","diff_se","pvalue","better","best"
"1","Constant","COL-035-09","COL",2000,"ELISA .","IgG",7574,16,3000,-19.27,4.52,"Yes",0,1,0,"-",1
"2","MNormal","COL-035-09","COL",2000,"ELISA .","IgG",7574,16,3000,-19.53,4.52,"Yes",-0.25789178501576,0.140056107094692,0.967293,"No",2
"3","Normal_Bi_L","COL-035-09","COL",2000,"ELISA .","IgG",7574,16,3000,-19.64,4.63,"Yes",-0.371465074071935,0.217714825640156,0.956016,"No",3
"4","ConstantBB","COL-035-09","COL",2000,"ELISA .","IgG",7574,16,3000,-340.54,35.52,"No",-321.27135941487,33.6668671795842,1.000027,"No",NA
"5","Normal_Bi_H","COL-035-09","COL",2000,"ELISA .","IgG",7574,16,3000,-20.88,4.43,"Yes",-1.60392524689162,1.06445304484273,0.934133,"No",NA
"6","Normal_BB_L","COL-035-09","COL",2000,"ELISA .","IgG",7574,16,3000,-56.79,7.9,"No",-37.5181304350667,5.73785564789832,1.000024,"No",NA
"7","Normal_BB_H","COL-035-09","COL",2000,"ELISA .","IgG",7574,16,3000,-62.25,8.58,"No",-42.9796981194356,6.30393103969865,1.000089,"No",NA
"8","2Dec-T","COL-035-09","COL",2000,"ELISA .","IgG",7574,16,3000,-19.95,4.68,"Yes",-0.675453024709096,0.247550730390712,0.996911,"No",NA
