"","model","dataset","c","tsur","test","antibody","n_sample","n_agec","n_iter","elpd","se","converged","diff","diff_se","pvalue","better","best"
"1","Normal_Bi_H","COL-035-46","COL",2010,"ELISA .","IgG",134,18,3000,-4.43,2.78,"Yes",0.109186690478957,0.533828343612122,0.419005,"Yes",1
"2","Constant","COL-035-46","COL",2010,"ELISA .","IgG",134,18,3000,-4.54,2.51,"Yes",0,1,0,"-",2
"3","2Dec-T","COL-035-46","COL",2010,"ELISA .","IgG",134,18,3000,-4.73,1.91,"Yes",-0.193990425670515,0.675118662456221,0.613118,"No",3
"4","ConstantBB","COL-035-46","COL",2010,"ELISA .","IgG",134,18,3000,-297.67,32.28,"No",-293.129944613369,31.8105884106302,1.000075,"No",NA
"5","MNormal","COL-035-46","COL",2010,"ELISA .","IgG",134,18,3000,-4.87,1.85,"Yes",-0.330556480239899,0.724935849535649,0.675848,"No",NA
"6","Normal_Bi_L","COL-035-46","COL",2010,"ELISA .","IgG",134,18,3000,-4.74,3.66,"Yes",-0.198802517566241,1.18711034470693,0.566529,"No",NA
"7","Normal_BB_L","COL-035-46","COL",2010,"ELISA .","IgG",134,18,3000,-25.62,2.73,"No",-21.0775488090092,2.95264978075223,1.000004,"No",NA
"8","Normal_BB_H","COL-035-46","COL",2010,"ELISA .","IgG",134,18,3000,-43.03,7.02,"No",-38.4909424619534,7.24226888174202,1.000026,"No",NA
