"","model","dataset","c","tsur","test","antibody","n_sample","n_agec","n_iter","elpd","se","converged","diff","diff_se","pvalue","better","best"
"1","Constant","COL-035-35","COL",2008,"ELISA .","IgG",377,18,3000,-14.77,3.49,"Yes",0,1,0,"-",1
"2","Normal_Bi_L","COL-035-35","COL",2008,"ELISA .","IgG",377,18,3000,-15.1,3.98,"Yes",-0.332182043133336,0.578505722190661,0.71715,"No",2
"3","MNormal","COL-035-35","COL",2008,"ELISA .","IgG",377,18,3000,-15.21,3.34,"Yes",-0.438880878708769,0.378141082101243,0.877189,"No",3
"4","ConstantBB","COL-035-35","COL",2008,"ELISA .","IgG",377,18,3000,-323.38,37.9,"No",-308.610854961073,36.1296858202775,1.000021,"No",NA
"5","Normal_Bi_H","COL-035-35","COL",2008,"ELISA .","IgG",377,18,3000,-15.29,4.14,"Yes",-0.523059520252241,1.05295950294837,0.690323,"No",NA
"6","Normal_BB_L","COL-035-35","COL",2008,"ELISA .","IgG",377,18,3000,-40.07,5.61,"No",-25.3058259443502,4.35369019083193,1.000044,"No",NA
"7","Normal_BB_H","COL-035-35","COL",2008,"ELISA .","IgG",377,18,3000,-38.62,5.42,"No",-23.851159362509,4.11511921520507,1.000036,"No",NA
"8","2Dec-T","COL-035-35","COL",2008,"ELISA .","IgG",377,18,3000,-14.97,3.4,"No",-0.198671546548503,0.230584484044366,0.805617,"No",NA
