"","model","dataset","c","tsur","test","antibody","n_sample","n_agec","n_iter","elpd","se","converged","diff","diff_se","pvalue","better","best"
"1","Normal_Bi_L","COL-035-30","COL",2008,"ELISA .","IgG",392,19,3000,-20.24,4.61,"Yes",0.284252556397503,0.429214863900713,0.253914,"Yes",1
"2","Normal_Bi_H","COL-035-30","COL",2008,"ELISA .","IgG",392,19,3000,-20.48,4.31,"Yes",0.044469911736214,0.646681743773363,0.472619,"Yes",2
"3","Constant","COL-035-30","COL",2008,"ELISA .","IgG",392,19,3000,-20.52,4.87,"Yes",0,1,0,"-",3
"4","ConstantBB","COL-035-30","COL",2008,"ELISA .","IgG",392,19,3000,-441.39,37.66,"No",-420.866122868662,39.0800254741299,1.00002,"No",NA
"5","MNormal","COL-035-30","COL",2008,"ELISA .","IgG",392,19,3000,-20.61,4.71,"Yes",-0.0865803066301289,0.22026679501307,0.652885,"No",NA
"6","Normal_BB_L","COL-035-30","COL",2008,"ELISA .","IgG",392,19,3000,-59.92,6.22,"No",-39.3982935438556,6.68311618351312,1.000052,"No",NA
"7","Normal_BB_H","COL-035-30","COL",2008,"ELISA .","IgG",392,19,3000,-57.9,5.87,"No",-37.3742512125654,6.27530651527462,1.0001,"No",NA
"8","3Dec-T","COL-035-30","COL",2008,"ELISA .","IgG",392,19,3000,-20.96,4.76,"Yes",-0.435000031867747,0.201542257682048,0.984578,"No",NA
