"","model","dataset","c","tsur","test","antibody","n_sample","n_agec","n_iter","elpd","se","converged","diff","diff_se","pvalue","better","best"
"1","Constant","COL-035-36","COL",2008,"ELISA .","IgG",467,20,3000,-21.23,3.76,"Yes",0,1,0,"-",1
"2","MNormal","COL-035-36","COL",2008,"ELISA .","IgG",467,20,3000,-21.4,3.78,"Yes",-0.164196859978533,0.246671284519378,0.747213,"No",2
"3","Normal_Bi_L","COL-035-36","COL",2008,"ELISA .","IgG",467,20,3000,-21.83,3.99,"Yes",-0.597122386876249,0.388851750648098,0.937761,"No",3
"4","ConstantBB","COL-035-36","COL",2008,"ELISA .","IgG",467,20,3000,-383.66,38.11,"No",-362.42525267477,39.2187203201679,1.000016,"No",NA
"5","Normal_Bi_H","COL-035-36","COL",2008,"ELISA .","IgG",467,20,3000,-22.39,4,"Yes",-1.15506034183962,0.666153410573482,0.958618,"No",NA
"6","Normal_BB_L","COL-035-36","COL",2008,"ELISA .","IgG",467,20,3000,-46.15,3.79,"No",-24.9139020450541,2.97102104600631,1.000094,"No",NA
"7","Normal_BB_H","COL-035-36","COL",2008,"ELISA .","IgG",467,20,3000,-55.26,7.08,"No",-34.0305000836109,5.00149559883314,1.00004,"No",NA
"8","2Dec-T","COL-035-36","COL",2008,"ELISA .","IgG",467,20,3000,-21.97,4.25,"Yes",-0.741300736339421,0.669936636531297,0.865757,"No",NA
