"","model","dataset","c","tsur","test","antibody","n_sample","n_agec","n_iter","elpd","se","converged","diff","diff_se","pvalue","better","best"
"1","Constant","COL-035-50","COL",2011,"ELISA .","IgG",311,20,3000,-12.44,3.36,"Yes",0,1,0,"-",1
"2","MNormal","COL-035-50","COL",2011,"ELISA .","IgG",311,20,3000,-12.53,3.02,"Yes",-0.0862989291734131,0.426110211269167,0.58027,"No",2
"3","2Dec-T","COL-035-50","COL",2011,"ELISA .","IgG",311,20,3000,-12.57,3.06,"Yes",-0.124208398604955,0.398035844782837,0.622516,"No",3
"4","ConstantBB","COL-035-50","COL",2011,"ELISA .","IgG",311,20,3000,-405.01,36.65,"No",-392.568456286504,35.6043576036346,1.000027,"No",NA
"5","Normal_Bi_L","COL-035-50","COL",2011,"ELISA .","IgG",311,20,3000,-12.74,3.98,"Yes",-0.298235670507736,0.859446934044434,0.635766,"No",NA
"6","Normal_Bi_H","COL-035-50","COL",2011,"ELISA .","IgG",311,20,3000,-12.64,3.97,"Yes",-0.195823970998202,1.61111461358904,0.548396,"No",NA
"7","Normal_BB_L","COL-035-50","COL",2011,"ELISA .","IgG",311,20,3000,-34.12,3.61,"No",-21.6816581860731,3.26081279714201,1.000073,"No",NA
"8","Normal_BB_H","COL-035-50","COL",2011,"ELISA .","IgG",311,20,3000,-40.45,4.1,"No",-28.0090223006314,3.90865981202762,1.000097,"No",NA
