"","model","dataset","c","tsur","test","antibody","n_sample","n_agec","n_iter","elpd","se","converged","diff","diff_se","pvalue","better","best"
"1","Constant","COL-035-48","COL",2010,"ELISA .","IgG",741,17,3000,-13.77,4.09,"Yes",0,1,0,"-",1
"2","2Dec-T","COL-035-48","COL",2010,"ELISA .","IgG",741,17,3000,-13.78,3.76,"Yes",-0.0133271347136112,0.406485550264014,0.513107,"No",2
"3","Normal_Bi_L","COL-035-48","COL",2010,"ELISA .","IgG",741,17,3000,-13.79,4.25,"Yes",-0.0204149195811674,0.436269316551459,0.518686,"No",3
"4","ConstantBB","COL-035-48","COL",2010,"ELISA .","IgG",741,17,3000,-301.49,25.99,"No",-287.719970556598,28.5477046913254,1.00006,"No",NA
"5","MNormal","COL-035-48","COL",2010,"ELISA .","IgG",741,17,3000,-14.03,3.89,"Yes",-0.260391072410853,0.298282060129841,0.808706,"No",NA
"6","Normal_Bi_H","COL-035-48","COL",2010,"ELISA .","IgG",741,17,3000,-14.4,4.06,"Yes",-0.631427257727802,0.58104498803998,0.861424,"No",NA
"7","Normal_BB_L","COL-035-48","COL",2010,"ELISA .","IgG",741,17,3000,-45.55,3.63,"No",-31.7838814594235,4.05912164382265,1.000069,"No",NA
"8","Normal_BB_H","COL-035-48","COL",2010,"ELISA .","IgG",741,17,3000,-62.21,9.64,"No",-48.439142602377,6.06908775435587,1.000096,"No",NA
