"","model","dataset","c","tsur","test","antibody","n_sample","n_agec","n_iter","elpd","se","converged","diff","diff_se","pvalue","better","best"
"1","Constant","COL-035-08","COL",2000,"ELISA .","IgG",2583,16,3000,-23.37,3.01,"Yes",0,1,0,"-",1
"2","2Dec-T","COL-035-08","COL",2000,"ELISA .","IgG",2583,16,3000,-23.54,3.05,"Yes",-0.166093540767365,0.323819983695779,0.695998,"No",2
"3","MNormal","COL-035-08","COL",2000,"ELISA .","IgG",2583,16,3000,-23.57,3,"Yes",-0.202934065854445,0.130125870970234,0.940602,"No",3
"4","ConstantBB","COL-035-08","COL",2000,"ELISA .","IgG",2583,16,3000,-282.97,32.95,"No",-259.602573674467,32.0088156155397,1.000088,"No",NA
"5","Normal_Bi_L","COL-035-08","COL",2000,"ELISA .","IgG",2583,16,3000,-23.66,3.08,"Yes",-0.295323868500329,0.378327218709292,0.782497,"No",NA
"6","Normal_Bi_H","COL-035-08","COL",2000,"ELISA .","IgG",2583,16,3000,-24.33,2.89,"Yes",-0.964044212530347,0.501695786035052,0.972677,"No",NA
"7","Normal_BB_L","COL-035-08","COL",2000,"ELISA .","IgG",2583,16,3000,-70.11,7.28,"No",-46.7398597271712,4.97654797055605,1,"No",NA
"8","Normal_BB_H","COL-035-08","COL",2000,"ELISA .","IgG",2583,16,3000,-82.95,8.72,"No",-59.5801516715651,6.54459004990562,1.000081,"No",NA
