"","model","dataset","c","tsur","test","antibody","n_sample","n_agec","n_iter","elpd","se","converged","diff","diff_se","pvalue","better","best"
"1","Normal_Bi_H","COL-035-02","COL",2000,"ELISA .","IgG",1802,14,3000,-33.07,3.4,"Yes",1.19797957524687,1.25027448823054,0.168998,"Yes",1
"2","Normal_Bi_L","COL-035-02","COL",2000,"ELISA .","IgG",1802,14,3000,-33.93,3.28,"Yes",0.345058426134701,1.24900009557929,0.391177,"Yes",2
"3","2Dec-T","COL-035-02","COL",2000,"ELISA .","IgG",1802,14,3000,-33.99,3.31,"Yes",0.277277578856138,1.08037130401882,0.398762,"Yes",3
"4","Constant","COL-035-02","COL",2000,"ELISA .","IgG",1802,14,3000,-34.27,3.54,"Yes",0,1,0,"-",NA
"5","ConstantBB","COL-035-02","COL",2000,"ELISA .","IgG",1802,14,3000,-282.87,25.44,"No",-248.594644669661,24.1904146964862,1.000097,"No",NA
"6","MNormal","COL-035-02","COL",2000,"ELISA .","IgG",1802,14,3000,-34.2,3.53,"Yes",0.075351229104081,0.336708684894813,0.411483,"Yes",NA
"7","Normal_BB_L","COL-035-02","COL",2000,"ELISA .","IgG",1802,14,3000,-66.99,6.33,"No",-32.716405589788,4.0406448785844,1.000042,"No",NA
"8","Normal_BB_H","COL-035-02","COL",2000,"ELISA .","IgG",1802,14,3000,-70.4,5.66,"No",-36.1273246613066,3.75618302846005,1.000002,"No",NA
