"","model","dataset","c","tsur","test","antibody","n_sample","n_agec","n_iter","elpd","se","converged","diff","diff_se","pvalue","better","best"
"1","5Dec-T","COL-035-54","COL",2013,"ELISA .","IgG",146,28,3000,-11.52,3.51,"Yes",0.501877336559175,1.59196411069971,0.376301,"Yes",1
"2","MNormal","COL-035-54","COL",2013,"ELISA .","IgG",146,28,3000,-11.67,3.37,"Yes",0.352970129910869,0.77547626520566,0.324527,"Yes",2
"3","Constant","COL-035-54","COL",2013,"ELISA .","IgG",146,28,3000,-12.03,4,"Yes",0,1,0,"-",3
"4","ConstantBB","COL-035-54","COL",2013,"ELISA .","IgG",146,28,3000,-232.52,32.05,"No",-220.49503076437,33.1880049269924,1.000052,"No",NA
"5","Normal_Bi_L","COL-035-54","COL",2013,"ELISA .","IgG",146,28,3000,-12.69,5.41,"Yes",-0.660834212046248,2.25253058819023,0.615396,"No",NA
"6","Normal_Bi_H","COL-035-54","COL",2013,"ELISA .","IgG",146,28,3000,-12.61,5.46,"Yes",-0.585816810346993,2.96362233855451,0.578374,"No",NA
"7","Normal_BB_L","COL-035-54","COL",2013,"ELISA .","IgG",146,28,3000,-46.57,5.31,"No",-34.5411882205042,6.76105676609762,1.000001,"No",NA
"8","Normal_BB_H","COL-035-54","COL",2013,"ELISA .","IgG",146,28,3000,-50.93,6.76,"No",-38.9055502491652,7.74487947881387,1.000035,"No",NA
