"","model","dataset","c","tsur","test","antibody","n_sample","n_agec","n_iter","elpd","se","converged","diff","diff_se","pvalue","better","best"
"1","Normal_Bi_L","COL-035-31","COL",2008,"ELISA .","IgG",484,31,3000,-15.41,4.87,"Yes",0.524570053561735,0.321871929651549,0.051577,"Yes",1
"2","Normal_Bi_H","COL-035-31","COL",2008,"ELISA .","IgG",484,31,3000,-15.83,4.64,"Yes",0.111320020248158,0.593106233370099,0.42557,"Yes",2
"3","Constant","COL-035-31","COL",2008,"ELISA .","IgG",484,31,3000,-15.94,4.81,"Yes",0,1,0,"-",3
"4","ConstantBB","COL-035-31","COL",2008,"ELISA .","IgG",484,31,3000,-454.23,39.17,"No",-438.290431269285,40.9207009176377,1.000071,"No",NA
"5","MNormal","COL-035-31","COL",2008,"ELISA .","IgG",484,31,3000,-16.11,4.55,"Yes",-0.170645909907554,0.335664602600456,0.694432,"No",NA
"6","Normal_BB_L","COL-035-31","COL",2008,"ELISA .","IgG",484,31,3000,-80.91,5.19,"No",-64.976286057271,5.63005671923271,1.0001,"No",NA
"7","Normal_BB_H","COL-035-31","COL",2008,"ELISA .","IgG",484,31,3000,-82.75,6.72,"No",-66.8149775591689,6.04499286446936,1.000065,"No",NA
"8","5Dec-T","COL-035-31","COL",2008,"ELISA .","IgG",484,31,3000,-16.25,4.59,"Yes",-0.308786922441868,0.292622941873488,0.85442,"No",NA
