"","model","dataset","c","tsur","test","antibody","n_sample","n_agec","n_iter","elpd","se","converged","diff","diff_se","pvalue","better","best"
"1","Normal_Bi_L","COL-035-14","COL",2007,"ELISA .","IgG",274,13,3000,-10.7,2.74,"Yes",0.177858646393425,0.485973844810077,0.357204,"Yes",1
"2","2Dec-T","COL-035-14","COL",2007,"ELISA .","IgG",274,13,3000,-10.84,2.14,"Yes",0.040293422992006,0.357460228992188,0.455153,"Yes",2
"3","Constant","COL-035-14","COL",2007,"ELISA .","IgG",274,13,3000,-10.88,2.41,"Yes",0,1,0,"-",3
"4","ConstantBB","COL-035-14","COL",2007,"ELISA .","IgG",274,13,3000,-223.89,19.71,"No",-213.00754111495,20.0399809108224,1.000009,"No",NA
"5","MNormal","COL-035-14","COL",2007,"ELISA .","IgG",274,13,3000,-11.06,2.21,"Yes",-0.179971026779398,0.295259523377885,0.728936,"No",NA
"6","Normal_Bi_H","COL-035-14","COL",2007,"ELISA .","IgG",274,13,3000,-11.35,2.52,"Yes",-0.470314698438452,0.296867584786951,0.943513,"No",NA
"7","Normal_BB_L","COL-035-14","COL",2007,"ELISA .","IgG",274,13,3000,-40.21,4.12,"No",-29.3290593681244,3.45399474554758,1.000033,"No",NA
"8","Normal_BB_H","COL-035-14","COL",2007,"ELISA .","IgG",274,13,3000,-45.59,7.77,"No",-34.7107513715755,8.40237668842769,1.00005,"No",NA
