"","model","dataset","c","tsur","test","antibody","n_sample","n_agec","n_iter","elpd","se","converged","diff","diff_se","pvalue","better","best"
"1","Normal_Bi_L","COL-035-21","COL",2007,"ELISA .","IgG",590,14,3000,-16.96,3.26,"Yes",1.31261702271906,0.721205841754316,0.034379,"Yes",1
"2","2Dec-T","COL-035-21","COL",2007,"ELISA .","IgG",590,14,3000,-16.97,3.02,"Yes",1.30962783833817,0.836842561463106,0.058801,"Yes",2
"3","Normal_Bi_H","COL-035-21","COL",2007,"ELISA .","IgG",590,14,3000,-17.33,3.07,"Yes",0.946014214408454,0.801718978473767,0.119012,"Yes",3
"4","Constant","COL-035-21","COL",2007,"ELISA .","IgG",590,14,3000,-18.27,3.58,"Yes",0,1,0,"-",NA
"5","ConstantBB","COL-035-21","COL",2007,"ELISA .","IgG",590,14,3000,-279.14,24.29,"No",-260.864688248955,24.6416886159068,1.000089,"No",NA
"6","MNormal","COL-035-21","COL",2007,"ELISA .","IgG",590,14,3000,-18.04,3.37,"Yes",0.234876933856032,0.337888028473807,0.243489,"Yes",NA
"7","Normal_BB_L","COL-035-21","COL",2007,"ELISA .","IgG",590,14,3000,-49.66,6.7,"No",-31.389856871018,5.3956081981394,1.000079,"No",NA
"8","Normal_BB_H","COL-035-21","COL",2007,"ELISA .","IgG",590,14,3000,-38.44,4.46,"No",-20.1611088327843,3.03719410054186,1.000037,"No",NA
