"","model","dataset","c","tsur","test","antibody","n_sample","n_agec","n_iter","elpd","se","converged","diff","diff_se","pvalue","better","best"
"1","5Dec-T","COL-035-89","COL",2008,"ELISA .","IgG",489,78,3000,-80.23,7.52,"Yes",3.01698511868723,2.9005839246569,0.14914,"Yes",1
"2","Normal_Bi_L","COL-035-89","COL",2008,"ELISA .","IgG",489,78,3000,-80.38,7.98,"Yes",2.86653478743932,3.35504185712191,0.196449,"Yes",2
"3","MNormal","COL-035-89","COL",2008,"ELISA .","IgG",489,78,3000,-80.95,7.17,"Yes",2.29795712205054,1.91889619493375,0.115555,"Yes",3
"4","Constant","COL-035-89","COL",2008,"ELISA .","IgG",489,78,3000,-83.25,7.37,"Yes",0,1,0,"-",NA
"5","ConstantBB","COL-035-89","COL",2008,"ELISA .","IgG",489,78,3000,-1197.86,76.38,"No",-1114.60505078679,76.6492251723461,1.000054,"No",NA
"6","Normal_Bi_H","COL-035-89","COL",2008,"ELISA .","IgG",489,78,3000,-81.02,8.02,"Yes",2.23516462668723,3.65037461828648,0.270173,"Yes",NA
"7","Normal_BB_L","COL-035-89","COL",2008,"ELISA .","IgG",489,78,3000,-227.68,12.01,"No",-144.43348749193,13.4998003771121,1.000086,"No",NA
"8","Normal_BB_H","COL-035-89","COL",2008,"ELISA .","IgG",489,78,3000,-230.64,12.09,"No",-147.393263536009,13.6794313917228,1.000007,"No",NA
