"","model","dataset","c","tsur","test","antibody","n_sample","n_agec","n_iter","elpd","se","converged","diff","diff_se","pvalue","better","best"
"1","Constant","COL-035-74","COL",2013,"ELISA .","IgG",1014,21,3000,-8.28,2.56,"Yes",0,1,0,"-",1
"2","MNormal","COL-035-74","COL",2013,"ELISA .","IgG",1014,21,3000,-8.54,2.31,"Yes",-0.25609992674914,0.364931070095613,0.758626,"No",2
"3","Normal_Bi_L","COL-035-74","COL",2013,"ELISA .","IgG",1014,21,3000,-8.56,3.12,"Yes",-0.272925615777783,0.651260395840339,0.662432,"No",3
"4","ConstantBB","COL-035-74","COL",2013,"ELISA .","IgG",1014,21,3000,-247.61,23.17,"No",-239.326219226711,23.1275107897624,1.000087,"No",NA
"5","Normal_Bi_H","COL-035-74","COL",2013,"ELISA .","IgG",1014,21,3000,-9.14,2.98,"Yes",-0.852029802362734,0.828177557092359,0.848243,"No",NA
"6","Normal_BB_L","COL-035-74","COL",2013,"ELISA .","IgG",1014,21,3000,-42.41,4.93,"No",-34.1282969933736,4.01879226314372,1.000066,"No",NA
"7","Normal_BB_H","COL-035-74","COL",2013,"ELISA .","IgG",1014,21,3000,-57.88,6.48,"No",-49.5961004368345,5.69713930662118,1.000007,"No",NA
"8","4Dec-T","COL-035-74","COL",2013,"ELISA .","IgG",1014,21,3000,-9.16,2.42,"Yes",-0.875272425778742,0.435049618794848,0.977941,"No",NA
