"","model","dataset","c","tsur","test","antibody","n_sample","n_agec","n_iter","elpd","se","converged","diff","diff_se","pvalue","better","best"
"1","2Dec-T","COL-035-12","COL",2000,"ELISA .","IgG",2029,15,3000,-18.04,4.09,"Yes",1.60404936412764,1.05875078081723,0.064882,"Yes",1
"2","Normal_Bi_L","COL-035-12","COL",2000,"ELISA .","IgG",2029,15,3000,-18.34,4.35,"Yes",1.30867730612482,0.712033942471012,0.033037,"Yes",2
"3","Normal_Bi_H","COL-035-12","COL",2000,"ELISA .","IgG",2029,15,3000,-18.38,3.97,"Yes",1.26325646578417,1.06483181096488,0.117744,"Yes",3
"4","Constant","COL-035-12","COL",2000,"ELISA .","IgG",2029,15,3000,-19.65,4.82,"Yes",0,1,0,"-",NA
"5","ConstantBB","COL-035-12","COL",2000,"ELISA .","IgG",2029,15,3000,-280.98,31.59,"No",-261.331833624541,31.1207351295073,1.000013,"No",NA
"6","MNormal","COL-035-12","COL",2000,"ELISA .","IgG",2029,15,3000,-19.36,4.58,"Yes",0.283026925403593,0.499449773256797,0.285472,"Yes",NA
"7","Normal_BB_L","COL-035-12","COL",2000,"ELISA .","IgG",2029,15,3000,-41.91,5.97,"No",-22.2579352394111,4.37356433358538,1.000093,"No",NA
"8","Normal_BB_H","COL-035-12","COL",2000,"ELISA .","IgG",2029,15,3000,-42.71,6.35,"No",-23.0614320529191,4.72805238203796,1.000034,"No",NA
