"","model","dataset","c","tsur","test","antibody","n_sample","n_agec","n_iter","elpd","se","converged","diff","diff_se","pvalue","better","best"
"1","Constant","COL-035-05","COL",2000,"ELISA .","IgG",9800,16,3000,-11.65,3.33,"Yes",0,1,0,"-",1
"2","Normal_Bi_L","COL-035-05","COL",2000,"ELISA .","IgG",9800,16,3000,-11.69,3.48,"Yes",-0.0422407654162811,0.357565952883999,0.547042,"No",2
"3","2Dec-T","COL-035-05","COL",2000,"ELISA .","IgG",9800,16,3000,-11.74,3.2,"Yes",-0.0870228665396837,0.301114074454818,0.613744,"No",3
"4","ConstantBB","COL-035-05","COL",2000,"ELISA .","IgG",9800,16,3000,-316.28,36.36,"No",-304.625064190078,35.7420936915317,1.000001,"No",NA
"5","MNormal","COL-035-05","COL",2000,"ELISA .","IgG",9800,16,3000,-11.94,3.23,"Yes",-0.285376434327032,0.372883614168714,0.778004,"No",NA
"6","Normal_Bi_H","COL-035-05","COL",2000,"ELISA .","IgG",9800,16,3000,-13.04,3.34,"Yes",-1.38852982125069,1.1259885338961,0.891329,"No",NA
"7","Normal_BB_L","COL-035-05","COL",2000,"ELISA .","IgG",9800,16,3000,-54.02,7.95,"No",-42.3671945192747,7.11282948207292,1.000047,"No",NA
"8","Normal_BB_H","COL-035-05","COL",2000,"ELISA .","IgG",9800,16,3000,-53.49,7.31,"No",-41.841213422584,6.34474355718839,1.000094,"No",NA
