"","model","dataset","c","tsur","test","antibody","n_sample","n_agec","n_iter","elpd","se","converged","diff","diff_se","pvalue","better","best"
"1","Normal_Bi_L","COL-035-20","COL",2007,"ELISA .","IgG",285,15,3000,-18.04,4.99,"Yes",0.646450884709683,0.446988414483252,0.074062,"Yes",1
"2","2Dec-T","COL-035-20","COL",2007,"ELISA .","IgG",285,15,3000,-18.44,4.54,"Yes",0.25024450880341,0.547780386416372,0.32391,"Yes",2
"3","Normal_Bi_H","COL-035-20","COL",2007,"ELISA .","IgG",285,15,3000,-18.62,4.76,"Yes",0.0676332009620886,0.377591286983474,0.428935,"Yes",3
"4","Constant","COL-035-20","COL",2007,"ELISA .","IgG",285,15,3000,-18.69,4.96,"Yes",0,1,0,"-",NA
"5","ConstantBB","COL-035-20","COL",2007,"ELISA .","IgG",285,15,3000,-339.38,23.8,"No",-320.686881934306,25.5136806063439,1.000023,"No",NA
"6","MNormal","COL-035-20","COL",2007,"ELISA .","IgG",285,15,3000,-18.74,4.49,"Yes",-0.0533891354867215,0.629247196959726,0.533837,"No",NA
"7","Normal_BB_L","COL-035-20","COL",2007,"ELISA .","IgG",285,15,3000,-44.96,4.21,"No",-26.2678942783749,5.2792059538546,1.000002,"No",NA
"8","Normal_BB_H","COL-035-20","COL",2007,"ELISA .","IgG",285,15,3000,-44.4,3.93,"No",-25.7056804651159,4.9075803214837,1.000066,"No",NA
