"","model","dataset","c","tsur","test","antibody","n_sample","n_agec","n_iter","elpd","se","converged","diff","diff_se","pvalue","better","best"
"1","2Dec-T","COL-035-13","COL",2000,"ELISA .","IgG",1188,15,3000,-24.73,3.79,"Yes",2.60068054026848,1.5264191834076,0.044213,"Yes",1
"2","Normal_Bi_L","COL-035-13","COL",2000,"ELISA .","IgG",1188,15,3000,-24.74,3.78,"Yes",2.59547006675204,1.5030486043396,0.042103,"Yes",2
"3","Normal_Bi_H","COL-035-13","COL",2000,"ELISA .","IgG",1188,15,3000,-25.43,3.65,"Yes",1.90164949566564,1.51126280755186,0.104146,"Yes",3
"4","Constant","COL-035-13","COL",2000,"ELISA .","IgG",1188,15,3000,-27.34,4.74,"Yes",0,1,0,"-",NA
"5","ConstantBB","COL-035-13","COL",2000,"ELISA .","IgG",1188,15,3000,-261.41,29.69,"No",-234.07895514708,28.8585039678178,1.00007,"No",NA
"6","MNormal","COL-035-13","COL",2000,"ELISA .","IgG",1188,15,3000,-26.33,4.34,"Yes",1.00355960365558,0.548147652687265,0.033565,"Yes",NA
"7","Normal_BB_L","COL-035-13","COL",2000,"ELISA .","IgG",1188,15,3000,-51.72,6.68,"No",-24.3811518261881,3.6494177450311,1.000046,"No",NA
"8","Normal_BB_H","COL-035-13","COL",2000,"ELISA .","IgG",1188,15,3000,-64.82,7.61,"No",-37.4798073480779,7.30311427837941,1.000043,"No",NA
