"","model","dataset","c","tsur","test","antibody","n_sample","n_agec","n_iter","elpd","se","converged","diff","diff_se","pvalue","better","best"
"1","Constant","COL-035-41","COL",2009,"ELISA .","IgG",1035,20,3000,-12.99,3.53,"Yes",0,1,0,"-",1
"2","MNormal","COL-035-41","COL",2009,"ELISA .","IgG",1035,20,3000,-13.16,3.41,"Yes",-0.167960523351944,0.290557928893974,0.718427,"No",2
"3","2Dec-T","COL-035-41","COL",2009,"ELISA .","IgG",1035,20,3000,-13.38,3.47,"Yes",-0.392102817906048,0.205504058884403,0.97182,"No",3
"4","ConstantBB","COL-035-41","COL",2009,"ELISA .","IgG",1035,20,3000,-402.47,37.17,"No",-389.475691743228,37.4092513390103,1.000073,"No",NA
"5","Normal_Bi_L","COL-035-41","COL",2009,"ELISA .","IgG",1035,20,3000,-13.72,4.14,"Yes",-0.730401853054494,0.691830351298685,0.854523,"No",NA
"6","Normal_Bi_H","COL-035-41","COL",2009,"ELISA .","IgG",1035,20,3000,-14.75,4.36,"Yes",-1.76049838773934,1.00443607442126,0.960216,"No",NA
"7","Normal_BB_L","COL-035-41","COL",2009,"ELISA .","IgG",1035,20,3000,-55.04,5.71,"No",-42.0547314463223,5.00451593428128,1.000085,"No",NA
"8","Normal_BB_H","COL-035-41","COL",2009,"ELISA .","IgG",1035,20,3000,-54.14,5.54,"No",-41.151827957059,4.62650290463164,1.000037,"No",NA
