"","model","dataset","c","tsur","test","antibody","n_sample","n_agec","n_iter","elpd","se","converged","diff","diff_se","pvalue","better","best"
"1","Constant","COL-035-42","COL",2009,"ELISA .","IgG",200,29,3000,-10.13,3.48,"Yes",0,1,0,"-",1
"2","Normal_Bi_L","COL-035-42","COL",2009,"ELISA .","IgG",200,29,3000,-10.18,4.06,"Yes",-0.0571851055914667,0.6128002174546,0.537181,"No",2
"3","MNormal","COL-035-42","COL",2009,"ELISA .","IgG",200,29,3000,-10.37,3.16,"Yes",-0.247684460677542,0.367897860955385,0.749606,"No",3
"4","ConstantBB","COL-035-42","COL",2009,"ELISA .","IgG",200,29,3000,-444.54,49.71,"No",-434.417715248583,50.8905886667383,1.000081,"No",NA
"5","Normal_Bi_H","COL-035-42","COL",2009,"ELISA .","IgG",200,29,3000,-10.78,4,"Yes",-0.658386791187614,0.657821871741672,0.841558,"No",NA
"6","Normal_BB_L","COL-035-42","COL",2009,"ELISA .","IgG",200,29,3000,-51.33,4.2,"No",-41.2065168809659,4.59769951433477,1.000042,"No",NA
"7","Normal_BB_H","COL-035-42","COL",2009,"ELISA .","IgG",200,29,3000,-42.62,3.42,"No",-32.4990900555292,4.00180316705547,1.000074,"No",NA
"8","5Dec-T","COL-035-42","COL",2009,"ELISA .","IgG",200,29,3000,-10.52,3.17,"Yes",-0.396128128602008,0.377036201043797,0.8533,"No",NA
