"","model","dataset","c","tsur","test","antibody","n_sample","n_agec","n_iter","elpd","se","converged","diff","diff_se","pvalue","better","best"
"1","Constant","COL-035-34","COL",2008,"ELISA .","IgG",1680,15,3000,-27.01,4.73,"Yes",0,1,0,"-",1
"2","MNormal","COL-035-34","COL",2008,"ELISA .","IgG",1680,15,3000,-27.15,4.68,"Yes",-0.137226282962219,0.232269345574401,0.722714,"No",2
"3","2Dec-T","COL-035-34","COL",2008,"ELISA .","IgG",1680,15,3000,-27.37,4.67,"Yes",-0.362129507088326,0.741767249107235,0.68733,"No",3
"4","ConstantBB","COL-035-34","COL",2008,"ELISA .","IgG",1680,15,3000,-374.67,21.69,"No",-347.657901424115,22.2341763524271,1.000061,"No",NA
"5","Normal_Bi_L","COL-035-34","COL",2008,"ELISA .","IgG",1680,15,3000,-27.39,4.95,"Yes",-0.379740872052798,0.809802625131022,0.680503,"No",NA
"6","Normal_Bi_H","COL-035-34","COL",2008,"ELISA .","IgG",1680,15,3000,-28.17,4.97,"Yes",-1.16034336793373,0.889559732772365,0.904022,"No",NA
"7","Normal_BB_L","COL-035-34","COL",2008,"ELISA .","IgG",1680,15,3000,-50.87,4.23,"No",-23.8586006690222,3.73934235013615,1.00005,"No",NA
"8","Normal_BB_H","COL-035-34","COL",2008,"ELISA .","IgG",1680,15,3000,-65.24,5.6,"No",-38.2318707911218,4.88986048657178,1.000032,"No",NA
