"","model","dataset","c","tsur","test","antibody","n_sample","n_agec","n_iter","elpd","se","converged","diff","diff_se","pvalue","better","best"
"1","Constant","COL-035-29","COL",2008,"ELISA .","IgG",323,16,3000,-11.19,2.07,"Yes",0,1,0,"-",1
"2","2Dec-T","COL-035-29","COL",2008,"ELISA .","IgG",323,16,3000,-11.38,2,"Yes",-0.187931480210997,0.238579373576276,0.784571,"No",2
"3","Normal_Bi_L","COL-035-29","COL",2008,"ELISA .","IgG",323,16,3000,-11.41,2.26,"Yes",-0.212052937786693,0.305402408662332,0.756285,"No",3
"4","ConstantBB","COL-035-29","COL",2008,"ELISA .","IgG",323,16,3000,-284.92,30.15,"No",-273.724437532474,29.9670594161849,1.000026,"No",NA
"5","MNormal","COL-035-29","COL",2008,"ELISA .","IgG",323,16,3000,-11.46,1.99,"Yes",-0.269240335880831,0.187050292193274,0.925015,"No",NA
"6","Normal_Bi_H","COL-035-29","COL",2008,"ELISA .","IgG",323,16,3000,-12.08,2.16,"Yes",-0.889166418041738,0.581045796834728,0.937061,"No",NA
"7","Normal_BB_L","COL-035-29","COL",2008,"ELISA .","IgG",323,16,3000,-33.14,3.95,"No",-21.9449433190815,2.29495458323433,1.000071,"No",NA
"8","Normal_BB_H","COL-035-29","COL",2008,"ELISA .","IgG",323,16,3000,-30.8,3.86,"No",-19.6038854385417,2.46567137943946,1.000077,"No",NA
