"","model","dataset","c","tsur","test","antibody","n_sample","n_agec","n_iter","elpd","se","converged","diff","diff_se","pvalue","better","best"
"1","Normal_Bi_L","COL-035-07","COL",2000,"ELISA .","IgG",1539,16,3000,-18.65,3.68,"Yes",1.66484692532893,0.611999100135842,0.003261,"Yes",1
"2","2Dec-T","COL-035-07","COL",2000,"ELISA .","IgG",1539,16,3000,-18.93,3.68,"Yes",1.38636037445705,0.614995237954154,0.01209,"Yes",2
"3","Normal_Bi_H","COL-035-07","COL",2000,"ELISA .","IgG",1539,16,3000,-19.09,3.52,"Yes",1.22840228812897,0.701674786965084,0.040003,"Yes",3
"4","Constant","COL-035-07","COL",2000,"ELISA .","IgG",1539,16,3000,-20.32,3.97,"Yes",0,1,0,"-",NA
"5","ConstantBB","COL-035-07","COL",2000,"ELISA .","IgG",1539,16,3000,-286.91,33.71,"No",-266.593052408779,32.9303082421376,1.000023,"No",NA
"6","MNormal","COL-035-07","COL",2000,"ELISA .","IgG",1539,16,3000,-20.02,3.84,"Yes",0.292887133613353,0.376751497228628,0.218467,"Yes",NA
"7","Normal_BB_L","COL-035-07","COL",2000,"ELISA .","IgG",1539,16,3000,-57.89,7.84,"No",-37.5781110687079,5.01781649727275,1.000046,"No",NA
"8","Normal_BB_H","COL-035-07","COL",2000,"ELISA .","IgG",1539,16,3000,-46.58,6.02,"No",-26.2619816830222,4.8631347687362,1.000023,"No",NA
