"","model","dataset","c","tsur","test","antibody","n_sample","n_agec","n_iter","elpd","se","converged","diff","diff_se","pvalue","better","best"
"1","MNormal","COL-035-22","COL",2007,"ELISA .","IgG",205,11,3000,-6.65,1.82,"Yes",0.0970339653486612,0.426547067196417,0.410062,"Yes",1
"2","Constant","COL-035-22","COL",2007,"ELISA .","IgG",205,11,3000,-6.74,2.2,"Yes",0,1,0,"-",2
"3","2Dec-T","COL-035-22","COL",2007,"ELISA .","IgG",205,11,3000,-6.8,1.91,"Yes",-0.0558422924937858,0.341839168706328,0.564889,"No",3
"4","ConstantBB","COL-035-22","COL",2007,"ELISA .","IgG",205,11,3000,-206.28,16.73,"No",-199.535684790138,16.7573248374935,1.000062,"No",NA
"5","Normal_Bi_L","COL-035-22","COL",2007,"ELISA .","IgG",205,11,3000,-7.08,2.83,"Yes",-0.341872945665575,0.67226884355283,0.694487,"No",NA
"6","Normal_Bi_H","COL-035-22","COL",2007,"ELISA .","IgG",205,11,3000,-7.48,2.46,"Yes",-0.735826746098617,0.594837194164926,0.892049,"No",NA
"7","Normal_BB_L","COL-035-22","COL",2007,"ELISA .","IgG",205,11,3000,-28.48,3.02,"No",-21.7393101884108,1.82086722007166,1.000056,"No",NA
"8","Normal_BB_H","COL-035-22","COL",2007,"ELISA .","IgG",205,11,3000,-36.01,3.02,"No",-29.2638352093839,1.99081363670169,1.000039,"No",NA
