"","model","dataset","c","tsur","test","antibody","n_sample","n_agec","n_iter","elpd","se","converged","diff","diff_se","pvalue","better","best"
"1","Constant","COL-035-92","COL",2014,"ELISA .","IgG",287,18,3000,-31.99,3.47,"Yes",0,1,0,"-",1
"2","MNormal","COL-035-92","COL",2014,"ELISA .","IgG",287,18,3000,-32.48,3.45,"Yes",-0.49387559642588,0.145657448361974,0.999738,"No",2
"3","2Dec-T","COL-035-92","COL",2014,"ELISA .","IgG",287,18,3000,-32.76,3.44,"Yes",-0.770991771064731,0.280779011138777,0.997013,"No",3
"4","ConstantBB","COL-035-92","COL",2014,"ELISA .","IgG",287,18,3000,-291.18,34.91,"No",-259.192676659595,35.5246113235089,1.000097,"No",NA
"5","Normal_Bi_L","COL-035-92","COL",2014,"ELISA .","IgG",287,18,3000,-32.86,3.58,"Yes",-0.874257374540031,0.499667889634011,0.960001,"No",NA
"6","Normal_Bi_H","COL-035-92","COL",2014,"ELISA .","IgG",287,18,3000,-32.89,3.56,"Yes",-0.903719869241886,0.280264286061579,0.999399,"No",NA
"7","Normal_BB_L","COL-035-92","COL",2014,"ELISA .","IgG",287,18,3000,-81.04,7.69,"No",-49.0501732358809,7.44401093020079,1.000019,"No",NA
"8","Normal_BB_H","COL-035-92","COL",2014,"ELISA .","IgG",287,18,3000,-46.14,3.33,"No",-14.1559140553289,3.66986254581194,0.999988,"No",NA
