"","model","dataset","c","tsur","test","antibody","n_sample","n_agec","n_iter","elpd","se","converged","diff","diff_se","pvalue","better","best"
"1","Normal_Bi_L","COL-035-87","COL",1998,"ELISA .","IgG",919,81,3000,-133.84,6.41,"Yes",3.77799159986868,2.66694430217712,0.078305,"Yes",1
"2","MNormal","COL-035-87","COL",1998,"ELISA .","IgG",919,81,3000,-133.93,6.46,"Yes",3.69479465008395,2.03238402444271,0.034536,"Yes",2
"3","Normal_Bi_H","COL-035-87","COL",1998,"ELISA .","IgG",919,81,3000,-134.15,6.4,"Yes",3.47602060317817,2.34381164371516,0.06903,"Yes",3
"4","Constant","COL-035-87","COL",1998,"ELISA .","IgG",919,81,3000,-137.62,7.06,"Yes",0,1,0,"-",NA
"5","ConstantBB","COL-035-87","COL",1998,"ELISA .","IgG",919,81,3000,-1251.89,77.94,"No",-1114.26908274355,78.9437903160255,1.000063,"No",NA
"6","Normal_BB_L","COL-035-87","COL",1998,"ELISA .","IgG",919,81,3000,-260.83,8.69,"No",-123.208359515815,8.9211153186359,1.000009,"No",NA
"7","Normal_BB_H","COL-035-87","COL",1998,"ELISA .","IgG",919,81,3000,-269.81,8.85,"No",-132.184752932084,9.61807352368395,1.000067,"No",NA
"8","5Dec-T","COL-035-87","COL",1998,"ELISA .","IgG",919,81,3000,-134.2,6.48,"Yes",3.42564080835677,2.33230491917123,0.07095,"Yes",NA
