"","model","dataset","c","tsur","test","antibody","n_sample","n_agec","n_iter","elpd","se","converged","diff","diff_se","pvalue","better","best"
"1","Constant","COL-035-10","COL",2000,"ELISA .","IgG",1006,15,3000,-15.09,3.32,"Yes",0,1,0,"-",1
"2","MNormal","COL-035-10","COL",2000,"ELISA .","IgG",1006,15,3000,-15.16,3.19,"Yes",-0.0742206275513659,0.223333898350235,0.630225,"No",2
"3","2Dec-T","COL-035-10","COL",2000,"ELISA .","IgG",1006,15,3000,-15.21,3.16,"Yes",-0.125254977243236,0.282508251842543,0.671287,"No",3
"4","ConstantBB","COL-035-10","COL",2000,"ELISA .","IgG",1006,15,3000,-279.33,30.1,"No",-264.243583331298,29.0964325477645,1.00004,"No",NA
"5","Normal_Bi_L","COL-035-10","COL",2000,"ELISA .","IgG",1006,15,3000,-15.23,3.43,"Yes",-0.143974387114713,0.207886414152605,0.75577,"No",NA
"6","Normal_Bi_H","COL-035-10","COL",2000,"ELISA .","IgG",1006,15,3000,-15.91,3.31,"Yes",-0.82390737383568,0.281063891410002,0.998356,"No",NA
"7","Normal_BB_L","COL-035-10","COL",2000,"ELISA .","IgG",1006,15,3000,-55.56,5.89,"No",-40.4693254643397,3.6722730218277,1.000033,"No",NA
"8","Normal_BB_H","COL-035-10","COL",2000,"ELISA .","IgG",1006,15,3000,-83.07,12.28,"No",-67.9859734995325,10.1235851780327,1.00006,"No",NA
