"","model","dataset","c","tsur","test","antibody","n_sample","n_agec","n_iter","elpd","se","converged","diff","diff_se","pvalue","better","best"
"1","Constant","COL-035-82","COL",2013,"ELISA .","IgG",363,72,3000,-9.11,4.32,"Yes",0,1,0,"-",1
"2","5Dec-T","COL-035-82","COL",2013,"ELISA .","IgG",363,72,3000,-9.26,3.71,"Yes",-0.150968622612487,0.629740551697938,0.594784,"No",2
"3","MNormal","COL-035-82","COL",2013,"ELISA .","IgG",363,72,3000,-9.27,3.74,"Yes",-0.158369920583581,0.593117422693522,0.605293,"No",3
"4","ConstantBB","COL-035-82","COL",2013,"ELISA .","IgG",363,72,3000,-1310.22,72.46,"No",-1301.11010489216,71.9933069313289,1.000005,"No",NA
"5","Normal_Bi_L","COL-035-82","COL",2013,"ELISA .","IgG",363,72,3000,-9.47,4.97,"Yes",-0.360903154655229,0.788159351225009,0.676548,"No",NA
"6","Normal_Bi_H","COL-035-82","COL",2013,"ELISA .","IgG",363,72,3000,-10.55,5.4,"Yes",-1.44045226147115,1.46167412278862,0.837835,"No",NA
"7","Normal_BB_L","COL-035-82","COL",2013,"ELISA .","IgG",363,72,3000,-240.19,11.52,"No",-231.077066225292,11.6096024462807,1.000073,"No",NA
"8","Normal_BB_H","COL-035-82","COL",2013,"ELISA .","IgG",363,72,3000,-238.96,11.41,"No",-229.847711241734,11.505103741467,1.00004,"No",NA
