"","model","dataset","c","tsur","test","antibody","n_sample","n_agec","n_iter","elpd","se","converged","diff","diff_se","pvalue","better","best"
"1","Normal_Bi_L","COL-035-19","COL",2007,"ELISA .","IgG",689,22,3000,-28.44,5.25,"Yes",2.75586318773278,1.33313276172677,0.019359,"Yes",1
"2","Normal_Bi_H","COL-035-19","COL",2007,"ELISA .","IgG",689,22,3000,-29.25,5.14,"Yes",1.94880476732604,1.56273682790446,0.106195,"Yes",2
"3","MNormal","COL-035-19","COL",2007,"ELISA .","IgG",689,22,3000,-30.62,5.65,"Yes",0.571772136862775,0.428246150102666,0.090918,"Yes",3
"4","Constant","COL-035-19","COL",2007,"ELISA .","IgG",689,22,3000,-31.19,5.94,"Yes",0,1,0,"-",NA
"5","ConstantBB","COL-035-19","COL",2007,"ELISA .","IgG",689,22,3000,-194.43,17.52,"No",-163.238829465438,18.3977110380342,1.00002,"No",NA
"6","Normal_BB_L","COL-035-19","COL",2007,"ELISA .","IgG",689,22,3000,-58.33,6.01,"No",-27.1388766463294,3.82920801364612,1.000095,"No",NA
"7","Normal_BB_H","COL-035-19","COL",2007,"ELISA .","IgG",689,22,3000,-57.21,5.89,"No",-26.0135762724869,4.09485543582507,1.000082,"No",NA
"8","5Dec-T","COL-035-19","COL",2007,"ELISA .","IgG",689,22,3000,-30.95,5.7,"Yes",0.240417646766611,0.435037980545889,0.290284,"Yes",NA
