"","model","dataset","c","tsur","test","antibody","n_sample","n_agec","n_iter","elpd","se","converged","diff","diff_se","pvalue","better","best"
"1","Constant","COL-035-11","COL",2000,"ELISA .","IgG",6040,16,3000,-8.67,5.53,"Yes",0,1,0,"-",1
"2","2Dec-T","COL-035-11","COL",2000,"ELISA .","IgG",6040,16,3000,-9.01,4.44,"Yes",-0.342985377927471,1.22136272285591,0.610583,"No",2
"3","MNormal","COL-035-11","COL",2000,"ELISA .","IgG",6040,16,3000,-9.27,5.08,"Yes",-0.602091487540795,0.556457557185424,0.860377,"No",3
"4","ConstantBB","COL-035-11","COL",2000,"ELISA .","IgG",6040,16,3000,-309.35,37.03,"No",-300.684074581259,37.379463848434,1.000071,"No",NA
"5","Normal_Bi_L","COL-035-11","COL",2000,"ELISA .","IgG",6040,16,3000,-9.41,6.85,"No",-0.741677193897872,1.36354433375107,0.706824,"No",NA
"6","Normal_Bi_H","COL-035-11","COL",2000,"ELISA .","IgG",6040,16,3000,-10.73,7.16,"Yes",-2.061692942329,1.87896760416932,0.863799,"No",NA
"7","Normal_BB_L","COL-035-11","COL",2000,"ELISA .","IgG",6040,16,3000,-54.29,7.59,"No",-45.6187740412395,8.25669555591778,1.000086,"No",NA
"8","Normal_BB_H","COL-035-11","COL",2000,"ELISA .","IgG",6040,16,3000,-53.09,8.54,"No",-44.426727615867,9.38931334682101,1.00005,"No",NA
