"","model","dataset","c","tsur","test","antibody","n_sample","n_agec","n_iter","elpd","se","converged","diff","diff_se","pvalue","better","best"
"1","Normal_Bi_L","COL-035-32","COL",2008,"ELISA .","IgG",364,22,3000,-10.95,3.07,"Yes",0.11235874803817,0.320555948756172,0.362987,"Yes",1
"2","Constant","COL-035-32","COL",2008,"ELISA .","IgG",364,22,3000,-11.07,2.94,"Yes",0,1,0,"-",2
"3","MNormal","COL-035-32","COL",2008,"ELISA .","IgG",364,22,3000,-11.3,2.75,"Yes",-0.23838784564516,0.29129600995065,0.793443,"No",3
"4","ConstantBB","COL-035-32","COL",2008,"ELISA .","IgG",364,22,3000,-324.43,33.49,"No",-313.364182226885,34.6891137895666,1.00006,"No",NA
"5","Normal_Bi_H","COL-035-32","COL",2008,"ELISA .","IgG",364,22,3000,-11.51,2.97,"Yes",-0.445920157268892,0.490455385541709,0.818406,"No",NA
"6","Normal_BB_L","COL-035-32","COL",2008,"ELISA .","IgG",364,22,3000,-50.95,4.15,"No",-39.8859434267955,3.81136740945012,1.000043,"No",NA
"7","Normal_BB_H","COL-035-32","COL",2008,"ELISA .","IgG",364,22,3000,-53.23,4.25,"No",-42.1591362715269,3.75340685279548,1.000013,"No",NA
"8","5Dec-T","COL-035-32","COL",2008,"ELISA .","IgG",364,22,3000,-11.59,2.78,"Yes",-0.525946014694853,0.259504567270721,0.978724,"No",NA
