"","model","dataset","c","tsur","test","antibody","n_sample","n_agec","n_iter","elpd","se","converged","diff","diff_se","pvalue","better","best"
"1","Normal_Bi_L","COL-035-01","COL",2000,"ELISA .","IgG",2958,15,3000,-35.5,5.87,"Yes",7.44033359185498,3.44501694419511,0.015397,"Yes",1
"2","2Dec-T","COL-035-01","COL",2000,"ELISA .","IgG",2958,15,3000,-35.62,5.9,"Yes",7.3205117760642,3.43630668652852,0.016573,"Yes",2
"3","Normal_Bi_H","COL-035-01","COL",2000,"ELISA .","IgG",2958,15,3000,-35.69,5.89,"Yes",7.25272358933839,3.45432553588936,0.017883,"Yes",3
"4","Constant","COL-035-01","COL",2000,"ELISA .","IgG",2958,15,3000,-42.94,8.69,"Yes",0,1,0,"-",NA
"5","ConstantBB","COL-035-01","COL",2000,"ELISA .","IgG",2958,15,3000,-284.42,30.16,"No",-241.482627343429,28.4426249878266,1.000013,"No",NA
"6","MNormal","COL-035-01","COL",2000,"ELISA .","IgG",2958,15,3000,-38.41,6.96,"Yes",4.52995343789205,2.00377923533543,0.01189,"Yes",NA
"7","Normal_BB_L","COL-035-01","COL",2000,"ELISA .","IgG",2958,15,3000,-89.88,12.49,"No",-46.9414824219081,10.2414914360578,1.000092,"No",NA
"8","Normal_BB_H","COL-035-01","COL",2000,"ELISA .","IgG",2958,15,3000,-71.11,8.55,"No",-28.1726595856675,7.61392873254269,0.999987,"No",NA
