"","model","dataset","c","tsur","test","antibody","n_sample","n_agec","n_iter","elpd","se","converged","diff","diff_se","pvalue","better","best"
"1","Constant","COL-005-01","COL",2009,"ELISA IFI","IgG",1338,14,3000,-25.16,1.13,"Yes",0,1,0,"-",1
"2","2Dec-T","COL-005-01","COL",2009,"ELISA IFI","IgG",1338,14,3000,-25.24,1.21,"Yes",-0.0806816196522968,0.479703076776637,0.566803,"No",2
"3","Normal_Bi_L","COL-005-01","COL",2009,"ELISA IFI","IgG",1338,14,3000,-25.26,1.32,"Yes",-0.100151290233752,0.558648415683196,0.571148,"No",3
"4","ConstantBB","COL-005-01","COL",2009,"ELISA IFI","IgG",1338,14,3000,-334.31,21.74,"No",-309.145217823941,22.1217512300523,1.000071,"No",NA
"5","MNormal","COL-005-01","COL",2009,"ELISA IFI","IgG",1338,14,3000,-25.41,1.09,"Yes",-0.248849564504662,0.152143346976412,0.949094,"No",NA
"6","Normal_Bi_H","COL-005-01","COL",2009,"ELISA IFI","IgG",1338,14,3000,-25.52,1.27,"Yes",-0.36013416085819,0.475918317680088,0.775459,"No",NA
"7","Normal_BB_L","COL-005-01","COL",2009,"ELISA IFI","IgG",1338,14,3000,-85.49,2.06,"No",-60.329670643709,1.76840812615587,1.000064,"No",NA
"8","Normal_BB_H","COL-005-01","COL",2009,"ELISA IFI","IgG",1338,14,3000,-63.03,1.96,"No",-37.8691932245104,1.91037893293482,1.000059,"No",NA
