"","model","dataset","c","tsur","test","antibody","n_sample","n_agec","n_iter","elpd","se","converged","diff","diff_se","pvalue","better","best"
"1","5Dec-T","COL-035-95","COL",2012,"ELISA .","IgG",858,41,3000,-11.8,4.29,"Yes",0.622783942292381,1.41576982864507,0.330028,"Yes",1
"2","MNormal","COL-035-95","COL",2012,"ELISA .","IgG",858,41,3000,-12.24,4.13,"Yes",0.183738404278717,0.727782898286456,0.400352,"Yes",2
"3","Normal_Bi_H","COL-035-95","COL",2012,"ELISA .","IgG",858,41,3000,-12.26,6.17,"Yes",0.165660377320124,2.77777418138042,0.47624,"Yes",3
"4","Constant","COL-035-95","COL",2012,"ELISA .","IgG",858,41,3000,-12.42,4.69,"Yes",0,1,0,"-",NA
"5","ConstantBB","COL-035-95","COL",2012,"ELISA .","IgG",858,41,3000,-456.65,26.68,"No",-444.221187811394,26.6805000031205,1.000078,"No",NA
"6","Normal_Bi_L","COL-035-95","COL",2012,"ELISA .","IgG",858,41,3000,-12.61,5.86,"Yes",-0.182492536398889,1.86347193109344,0.53901,"No",NA
"7","Normal_BB_L","COL-035-95","COL",2012,"ELISA .","IgG",858,41,3000,-101.43,5.77,"No",-89.0038754618055,6.08978253173224,1.000072,"No",NA
"8","Normal_BB_H","COL-035-95","COL",2012,"ELISA .","IgG",858,41,3000,-107.17,5.96,"No",-94.7451391384066,6.35635459382551,1.000061,"No",NA
