"","model","dataset","c","tsur","test","antibody","n_sample","n_agec","n_iter","elpd","se","converged","diff","diff_se","pvalue","better","best"
"1","Normal_Bi_H","COL-035-40","COL",2009,"ELISA .","IgG",853,19,3000,-11.04,3.84,"Yes",0.636273896976193,0.7314529144211,0.192194,"Yes",1
"2","Normal_Bi_L","COL-035-40","COL",2009,"ELISA .","IgG",853,19,3000,-11.13,4.34,"Yes",0.547805172400958,0.431101535396439,0.10192,"Yes",2
"3","2Dec-T","COL-035-40","COL",2009,"ELISA .","IgG",853,19,3000,-11.23,3.41,"Yes",0.451054730726057,0.800696534561793,0.286619,"Yes",3
"4","Constant","COL-035-40","COL",2009,"ELISA .","IgG",853,19,3000,-11.68,4.17,"Yes",0,1,0,"-",NA
"5","ConstantBB","COL-035-40","COL",2009,"ELISA .","IgG",853,19,3000,-364.52,34.35,"No",-352.839944052099,36.17786197825,1.000013,"No",NA
"6","MNormal","COL-035-40","COL",2009,"ELISA .","IgG",853,19,3000,-11.71,3.68,"Yes",-0.0296118298831161,0.53954445531621,0.521926,"No",NA
"7","Normal_BB_L","COL-035-40","COL",2009,"ELISA .","IgG",853,19,3000,-49.08,4.48,"No",-37.4030810604145,5.5406386873271,1.000066,"No",NA
"8","Normal_BB_H","COL-035-40","COL",2009,"ELISA .","IgG",853,19,3000,-48.13,4.84,"No",-36.4445523353627,5.91000220758666,1.000042,"No",NA
