"","model","dataset","c","tsur","test","antibody","n_sample","n_agec","n_iter","elpd","se","converged","diff","diff_se","pvalue","better","best"
"1","Normal_Bi_L","COL-035-88","COL",2000,"ELISA .","IgG",480,76,3000,-117.81,5.94,"Yes",9.84603173327482,6.7159208146856,0.071316,"Yes",1
"2","Normal_Bi_H","COL-035-88","COL",2000,"ELISA .","IgG",480,76,3000,-118.05,6.12,"Yes",9.60787003205914,6.35267763132076,0.065216,"Yes",2
"3","5Dec-T","COL-035-88","COL",2000,"ELISA .","IgG",480,76,3000,-118.48,6.67,"Yes",9.1798222203061,5.27363286464546,0.04087,"Yes",3
"4","Constant","COL-035-88","COL",2000,"ELISA .","IgG",480,76,3000,-127.66,9.94,"Yes",0,1,0,"-",NA
"5","ConstantBB","COL-035-88","COL",2000,"ELISA .","IgG",480,76,3000,-1063.39,75.78,"No",-935.730778968841,78.5610364592227,1.000031,"No",NA
"6","MNormal","COL-035-88","COL",2000,"ELISA .","IgG",480,76,3000,-120.21,7.25,"Yes",7.45177745521624,3.80432197243787,0.025071,"Yes",NA
"7","Normal_BB_L","COL-035-88","COL",2000,"ELISA .","IgG",480,76,3000,-215.12,9.91,"No",-87.4646915328594,12.8369018124751,1.000058,"No",NA
"8","Normal_BB_H","COL-035-88","COL",2000,"ELISA .","IgG",480,76,3000,-213.36,9.78,"No",-85.7047455806469,12.7410501582237,1.000084,"No",NA
