"","model","dataset","c","tsur","test","antibody","n_sample","n_agec","n_iter","elpd","se","converged","diff","diff_se","pvalue","better","best"
"1","2Dec-T","COL-035-04","COL",2000,"ELISA .","IgG",1137,16,3000,-37.05,4.44,"Yes",4.0144911343791,2.71997210190954,0.069988,"Yes",1
"2","Normal_Bi_L","COL-035-04","COL",2000,"ELISA .","IgG",1137,16,3000,-37.16,4.24,"Yes",3.90824130745473,2.51895668250273,0.060388,"Yes",2
"3","MNormal","COL-035-04","COL",2000,"ELISA .","IgG",1137,16,3000,-37.74,4.38,"Yes",3.32827316917177,1.29777604127729,0.005165,"Yes",3
"4","Constant","COL-035-04","COL",2000,"ELISA .","IgG",1137,16,3000,-41.07,5.2,"Yes",0,1,0,"-",NA
"5","ConstantBB","COL-035-04","COL",2000,"ELISA .","IgG",1137,16,3000,-276.33,32.81,"No",-235.262878807134,29.2474282858116,1.000056,"No",NA
"6","Normal_Bi_H","COL-035-04","COL",2000,"ELISA .","IgG",1137,16,3000,-38.34,4.33,"Yes",2.72971856428575,2.14057077755544,0.101116,"Yes",NA
"7","Normal_BB_L","COL-035-04","COL",2000,"ELISA .","IgG",1137,16,3000,-79.69,6.92,"No",-38.6204287115398,4.63611982806191,1.000027,"No",NA
"8","Normal_BB_H","COL-035-04","COL",2000,"ELISA .","IgG",1137,16,3000,-69.36,8.19,"No",-28.2876360176118,5.05925697873621,1.000079,"No",NA
