"","model","dataset","c","tsur","test","antibody","n_sample","n_agec","n_iter","elpd","se","converged","diff","diff_se","pvalue","better","best"
"1","Constant","COL-035-06","COL",2000,"ELISA .","IgG",2253,14,3000,-3.74,1.9,"Yes",0,1,0,"-",1
"2","Normal_Bi_L","COL-035-06","COL",2000,"ELISA .","IgG",2253,14,3000,-4.09,2.93,"Yes",-0.349780986999336,1.09113509616005,0.625754,"No",2
"3","2Dec-T","COL-035-06","COL",2000,"ELISA .","IgG",2253,14,3000,-4.14,1.48,"Yes",-0.400064755865637,0.566880318808277,0.759869,"No",3
"4","ConstantBB","COL-035-06","COL",2000,"ELISA .","IgG",2253,14,3000,-302.8,27.25,"No",-299.053640944382,26.7986226808505,1.000002,"No",NA
"5","MNormal","COL-035-06","COL",2000,"ELISA .","IgG",2253,14,3000,-4.17,1.42,"Yes",-0.42805563228675,0.64136889432246,0.747752,"No",NA
"6","Normal_Bi_H","COL-035-06","COL",2000,"ELISA .","IgG",2253,14,3000,-5.48,3.24,"Yes",-1.739245477447,1.52263018359254,0.873413,"No",NA
"7","Normal_BB_L","COL-035-06","COL",2000,"ELISA .","IgG",2253,14,3000,-33.62,4.13,"No",-29.8764870124778,3.46182100905716,1.000031,"No",NA
"8","Normal_BB_H","COL-035-06","COL",2000,"ELISA .","IgG",2253,14,3000,-46.16,6.07,"No",-42.4174030828153,5.41115786073832,1.000029,"No",NA
